frame_id,stamp,pos_x,pos_y,pos_z,orientation_x,orientation_y,orientation_z,orientation_w,covariance
map,17472000000,0.5108992141642835,-1.8857141648020055,0.0,0.0,0.0,-0.7071067811865476,-0.7071067811865475,"(0.25, 0.0, 0.0, 0.0, 0.0, 0.0, 0.0, 0.25, 0.0, 0.0, 0.0, 0.0, 0.0, 0.0, 0.0, 0.0, 0.0, 0.0, 0.0, 0.0, 0.0, 0.0, 0.0, 0.0, 0.0, 0.0, 0.0, 0.0, 0.0, 0.0, 0.0, 0.0, 0.0, 0.0, 0.0, 0.06853891945200942)"
