frame_id,stamp,pos_x,pos_y,pos_z,orientation_x,orientation_y,orientation_z,orientation_w
map,2608668000000,-1.427779006378538,-1.4516536375739735,0.0,0.0,0.0,-0.7071067811865476,-0.7071067811865475
map,39379000000,-2.0666665484507876,0.07966235991014106,0.0,0.0,0.0,-0.7071067811865476,-0.7071067811865475
map,43239000000,-1.994445681489196,-0.505840815598491,0.0,0.0,0.0,-0.7071067811865476,-0.7071067811865475
map,52390000000,-1.7611123446789252,1.2506687109274053,0.0,0.0,0.0,-0.7071067811865476,-0.7071067811865475
