frame_id,stamp,pos_x,pos_y,pos_z,orientation_x,orientation_y,orientation_z,orientation_w
map,304321000000,-4.9880345306844855,3.218479230375093,0.0,0.0,0.0,-0.7071067811865476,-0.7071067811865475
map,306801000000,-5.070085813958427,3.172992378240285,0.0,0.0,0.0,-0.7071067811865476,-0.7071067811865475
map,309516000000,-4.947008889047514,3.172992378240285,0.0,0.0,0.0,0.9990952691941798,-0.04252814449055333
map,386869000000,2.273504039059331,4.583085033007356,0.0,0.0,0.0,-0.7071067811865476,-0.7071067811865475
map,389208000000,2.6427348137920674,4.583085033007356,0.0,0.0,0.0,1.0,6.123233995736766e-17
map,463290000000,5.842734861475783,0.8531631579531311,0.0,0.0,0.0,0.7071067811865475,-0.7071067811865477
map,316653000000,-2.5675216741032134,2.490689596218171,0.0,0.0,0.0,0.7294826259145133,-0.6839993410003158
