{"position":{"x":-1.9999484499477558,"y":-0.4983952404550515,"z":0.0089983100784654},"orientation":{"x":-0.00000830751844656065,"y":0.0038530993602841003,"z":0.0003233612235735303,"w":0.9999925244689702}}