{"position":{"x":-1.9999545407765082,"y":-0.4983674696805111,"z":0.008998310031584003},"orientation":{"x":-0.000009201405387078898,"y":0.003853097736647257,"z":0.0005554116541536874,"w":0.9999924225068211}}