{"position":{"x":2.6427348137920674,"y":4.583085033007356,"z":0},"orientation":{"x":0,"y":0,"z":1,"w":6.123233995736766e-17}}