{"position":{"x":-4.947008889047514,"y":3.172992378240285,"z":0},"orientation":{"x":0,"y":0,"z":0.9990952691941798,"w":-0.04252814449055333}}