{"position":{"x":5.842734861475783,"y":0.8531631579531311,"z":0},"orientation":{"x":0,"y":0,"z":0.7071067811865475,"w":-0.7071067811865477}}