frame_id,stamp,pos_x,pos_y,pos_z,orientation_x,orientation_y,orientation_z,orientation_w

map,142102000000,-1.9277790138291186,-0.010415051706571567,0.0,0.0,0.0,-0.6624111810231681,-0.7491404589631316
map,2691406000000,-1.8611123461690413,-0.010415051706571567,0.0,0.0,0.0,0.787248451625007,0.6166359342545884
map,2750131000000,-0.5944456606275704,2.0163267096694626,0.0,0.0,0.0,-0.29272382708054384,-0.9561970304593713
map,3707552000000,1.8055543751352163,0.7102042412271294,0.0,0.0,0.0,0.7071067811865475,-0.7071067811865477
map,58406000000,-2.0611123491492735,0.12470106571849737,0.0,0.0,0.0,0.7433515724385945,0.6689009192347316
map,47660000000,-2.1213682049984897,-0.24178556887698935,0.0,0.0,0.0,-0.7071067811865476,-0.7071067811865475
