frame_id,stamp,pos_x,pos_y,pos_z,orientation_x,orientation_y,orientation_z,orientation_w
map,28792000000,-0.16111232083706725,-1.9020406956575366,0.0,0.0,0.0,0.04346224801992071,-0.9990550700522244
map,39208000000,1.738887707475139,-0.8661504620653415,0.0,0.0,0.0,-0.649370414759808,-0.7604722640798118
map,60613000000,0.605554357253823,2.2865589445196,0.0,0.0,0.0,1.0,6.123233995736766e-17
map,88649000000,-2.1611123506393897,0.4399720063769916,0.0,0.0,0.0,0.6849969419725045,-0.7285459419201491
map,92726000000,0.47222102193366816,-1.7669245782324678,0.0,0.0,0.0,-0.7071067811865476,-0.7071067811865475
