{"position":{"x":-0.7944456636078027,"y":-1.9020406956575366,"z":0},"orientation":{"x":0,"y":0,"z":0.07182234414546217,"w":-0.9974174406342867}}