{"position":{"x":-1.5944456755287315,"y":1.520900945777543,"z":0},"orientation":{"x":0,"y":0,"z":-1.2246467991473532e-16,"w":-1}}