{"position":{"x":-1.3432906042429842,"y":1.5428573148591187,"z":0},"orientation":{"x":0,"y":0,"z":-0.21502869861134044,"w":-0.976607730244602}}