{"position":{"x":-2.1160901073378757,"y":-0.10285699537822086,"z":0},"orientation":{"x":0,"y":0,"z":-0.7071067811865476,"w":-0.7071067811865475}}