{"position":{"x":-2.0666665484507876,"y":0.07966235991014106,"z":0},"orientation":{"x":0,"y":0,"z":-0.7071067811865476,"w":-0.7071067811865475}}