{"position":{"x":-1.994445681489196,"y":-0.505840815598491,"z":0},"orientation":{"x":0,"y":0,"z":-0.7071067811865476,"w":-0.7071067811865475}}