{"position":{"x":-2.5675216741032134,"y":2.490689596218171,"z":0},"orientation":{"x":0,"y":0,"z":0.7294826259145133,"w":-0.6839993410003158}}